"","x"
"1","Acanthurus leucosternon"
"2","Amblyeleotris diagonalis"
"3","Amphiprion akindynos"
"4","Amphiprion clarkii"
"5","Amphiprion melanopus"
"6","Amphiprion percula"
"7","Amphiprion perideraion"
"8","Anampses neoguinaicus"
"9","Anchitosia queenslandensis"
"10","Balistoides conspicillum"
"11","Chaetodon aureofasciatus"
"12","Chaetodon auriga"
"13","Chaetodon flavirostris"
"14","Chaetodon rainfordi"
"15","Chaetodon ulietensis"
"16","Chaetodon vagabundus"
"17","Chaetodontoplus duboulayi"
"18","Chaetodontoplus personifer"
"19","Chelmon rostratus"
"20","Choerodon fasciatus"
"21","Chromis viridis"
"22","Chrysiptera cyanea"
"23","Chrysiptera starcki"
"24","Chrysiptera taupou"
"25","Cirrhilabrus laboutei"
"26","Cirrhilabrus lineatus"
"27","Cirrhilabrus scottorum"
"28","Coradion altivelis"
"29","Fromia indica"
"30","Genicanthus watanabei"
"31","Hemiscyllium ocellatum"
"32","Heteractis magnifica"
"33","Heteractis malu"
"34","Heterodontus portusjacksoni"
"35","Labroides dimidiatus"
"36","Lysmata debelius"
"37","Macropharyngodon choati"
"38","Monocentris japonica"
"39","Naso lituratus"
"40","Ogilbyina novaehollandiae"
"41","Orectolobus japonicus"
"42","Paracanthurus hepatus"
"43","Pomacanthus imperator"
"44","Pomacanthus semicirculatus"
"45","Pomacentrus caeruleus"
"46","Premnas biaculeatus"
"47","Pseudanthias pictilis"
"48","Pterois volitans"
"49","Rhinecanthus lunula"
"50","Thalassoma hardwicke"
"51","Thalassoma jansenii"
"52","Thalassoma lunare"
"53","Thalassoma lutescens"
"54","Thalassoma quinquevittatum"
"55","Acanthurus dussumieri"
"56","Amphiprion latezonatus"
"57","Amphiprion ocellaris"
"58","Anampses femininus"
"59","Anoplocapros lenticularis"
"60","Aracana aurita"
"61","Assessor flavissimus"
"62","Assessor macneilli"
"63","Blenniella chrysospilos"
"64","Centropogon australis"
"65","Centropyge heraldi"
"66","Chaetodon melannotus"
"67","Chaetodontoplus meredithi"
"68","Cheilinus fasciatus"
"69","Cheilinus oxycephalus"
"70","Chelmon marginalis"
"71","Chelmon muelleri"
"72","Chromis nitida"
"73","Chromis vanderbilti"
"74","Cirrhilabrus exquisitus"
"75","Cirrhilabrus lubbocki"
"76","Cirrhilabrus punctatus"
"77","Cleidopus gloriamaris"
"78","Coradion chrysozonus"
"79","Coris dorsomacula"
"80","Cypho purpurascens"
"81","Epibulus insidiator"
"82","Halichoeres biocellatus"
"83","Halichoeres marginatus"
"84","Halichoeres melanurus"
"85","Hemitaurichthys polylepis"
"86","Koumansetta rainfordi"
"87","Lutjanus gibbus"
"88","Lutjanus kasmira"
"89","Macropharyngodon kuiteri"
"90","Macropharyngodon meleagris"
"91","Meiacanthus atrodorsalis"
"92","Microcanthus strigatus"
"93","Monacanthus chinensis"
"94","Odonus niger"
"95","Ogilbyina queenslandiae"
"96","Orectolobus maculatus"
"97","Orectolobus ornatus"
"98","Paraplesiops meleagris"
"99","Pseudanthias cooperi"
"100","Pseudanthias hypselosoma"
"101","Pseudocheilinus hexataenia"
"102","Siganus puellus"
"103","Siganus punctatus"
"104","Signigobius biocellatus"
"105","Sutorectus tentaculatus"
"106","Trachinops noarlungae"
"107","Trygonorrhina fasciata"
"108","Zebrasoma velifer"
"109","Acanthurus blochii"
"110","Amblyeleotris randalli"
"111","Amblygobius phalaena"
"112","Amphiprion akallopisos"
"113","Amphiprion polymnus"
"114","Amphiprion rubrocinctus"
"115","Atrosalarias fuscus"
"116","Caesio teres"
"117","Canthigaster janthinoptera"
"118","Centropyge bispinosa"
"119","Centropyge joculator"
"120","Chaetodon fasciatus"
"121","Chaetodon guentheri"
"122","Chaetodontoplus mesoleucus"
"123","Chelmonops truncatus"
"124","Chrysiptera parasema"
"125","Cirrhilabrus bathyphilus"
"126","Cirrhilabrus solorensis"
"127","Coris auricularis"
"128","Dascyllus aruanus"
"129","Dascyllus trimaculatus"
"130","Ecsenius tigris"
"131","Forcipiger flavissimus"
"132","Gobiodon okinawae"
"133","Gorgasia preclara"
"134","Halichoeres chloropterus"
"135","Melichthys indicus"
"136","Nemateleotris magnifica"
"137","Paracheilinus carpenteri"
"138","Phycodurus eques"
"139","Phyllopteryx taeniolatus"
"140","Pictichromis paccagnellae"
"141","Plectorhinchus chaetodonoides"
"142","Pomacentrus bankanensis"
"143","Pseudanthias dispar"
"144","Pseudanthias kashiwae"
"145","Pterapogon kauderni"
"146","Salarias fasciatus"
"147","Stonogobiops nematodes"
"148","Synchiropus ocellatus"
"149","Valenciennea strigata"
"150","Zanclus cornutus"
"151","Actinia tenebrosa"
"152","Amphiprion nigripes"
"153","Anampses lennardi"
"154","Cheilodactylus gibbosus"
"155","Chromis klunzingeri"
"156","Coris picta"
"157","Enoplosus armatus"
"158","Eucrossorhinus dasypogon"
"159","Paraplesiops poweri"
"160","Plectropomus leopardus"
"161","Pseudanthias fasciatus"
"162","Pseudocolochirus violaceus"
"163","Trachichthys australis"
"164","Trachinops brauni"
"165","Amphiprion mccullochi"
"166","Entacmaea quadricolor"
"167","Istiblennius edentulus"
"168","Lepidozygus tapeinosoma"
"169","Naso brevirostris"
"170","Naso lopezi"
"171","Naso tuberosus"
"172","Naso unicornis"
"173","Naso vlamingii"
"174","Parupeneus cyclostomus"
"175","Pentagonaster duebeni"
"176","Pomacentrus pavo"
"177","Pseudanthias squamipinnis"
"178","Selenotoca multifasciata"
"179","Trachinops taeniatus"
"180","Trikentrion flabelliforme"
"181","Acanthurus olivaceus"
"182","Chelarctus cultrifer"
"183","Chrysiptera flavipinnis"
"184","Cryptocentroides gobioides"
"185","Meiacanthus grammistes"
"186","Omobranchus anolius"
"187","Ostorhinchus cyanosoma"
"188","Photoblepharon palpebratum"
"189","Pomacentrus moluccensis"
"190","Protoreaster nodosus"
"191","Rabaulichthys squirei"
"192","Scolopsis monogramma"
"193","Acanthurus coeruleus"
"194","Anisotremus virginicus"
"195","Balistes vetula"
"196","Bodianus rufus"
"197","Canthigaster rostrata"
"198","Cephalopholis cruentata"
"199","Cephalopholis fulva"
"200","Chaetodon capistratus"
"201","Chaetodon ocellatus"
"202","Chilomycterus antillarum"
"203","Chromis cyanea"
"204","Clepticus parrae"
"205","Echeneis naucrates"
"206","Echeneis neucratoides"
"207","Equetus punctatus"
"208","Gramma loreto"
"209","Halichoeres bivittatus"
"210","Halichoeres garnoti"
"211","Holacanthus ciliaris"
"212","Holacanthus tricolor"
"213","Hypoplectrus guttavarius"
"214","Hypoplectrus indigo"
"215","Hypoplectrus nigricans"
"216","Hypoplectrus puella"
"217","Lachnolaimus maximus"
"218","Melichthys niger"
"219","Ogcocephalus nasutus"
"220","Pomacanthus arcuatus"
"221","Pomacanthus paru"
"222","Pseudupeneus maculatus"
"223","Sanopus greenfieldorum"
"224","Scarus taeniopterus"
"225","Serranus tabacarius"
"226","Serranus tigrinus"
"227","Serranus tortugarum"
"228","Sparisoma viride"
"229","Synodus intermedius"
"230","Thalassoma bifasciatum"
"231","Urobatis jamaicensis"
"232","Chaetodon striatus"
"233","Chilomycterus antennatus"
"234","Diodon holocanthus"
"235","Epinephelus guttatus"
"236","Ginglymostoma cirratum"
"237","Halichoeres cyanocephalus"
"238","Opistognathus aurifrons"
"239","Chaetodon ocellicaudus"
"240","Chaetodon sedentarius"
"241","Condylactis gigantea"
"242","Ctenoides scaber"
"243","Cyphoma gibbosum"
"244","Eucidaris tribuloides"
"245","Halichoeres pictus"
"246","Hypoplectrus gemma"
"247","Lysmata wurdemanni"
"248","Mithraculus sculptus"
"249","Sabellastarte magnifica"
"250","Stenopus hispidus"
"251","Stenopus scutellatus"
"252","Stenorhynchus seticornis"
"253","Turbo crassus"
"254","Xanthichthys ringens"
"255","Zebrasoma flavescens"
"256","Acanthurus chirurgus"
"257","Apolemichthys arcuatus"
"258","Cerithium litteratum"
"259","Ophiocoma paucigranulata"
"260","Pomacanthus annularis"
"261","Stichodactyla helianthus"
"262","Turbo fluctuosus"
"263","Calcinus tibicen"
"264","Cittarium pica"
"265","Paguristes cadenati"
"266","Phimochirus holthuisi"
"267","Acanthostracion quadricornis"
"268","Acanthurus bahianus"
"269","Alphestes afer"
"270","Amblycirrhitus pinos"
"271","Bodianus pulchellus"
"272","Cantherhines pullus"
"273","Centropyge aurantia"
"274","Centropyge aurantonotus"
"275","Chilomycterus schoepfii"
"276","Dactylopterus volitans"
"277","Elacatinus evelynae"
"278","Glaucostegus typus"
"279","Gramma brasiliensis"
"280","Gymnothorax funebris"
"281","Gymnothorax miliaris"
"282","Halichoeres maculipinna"
"283","Halichoeres radiatus"
"284","Narcine brasiliensis"
"285","Ogcocephalus corniger"
"286","Ophioblennius atlanticus"
"287","Pareques acuminatus"
"288","Prionotus rubio"
"289","Selene vomer"
"290","Abudefduf saxatilis"
"291","Acanthostracion polygonius"
"292","Achirus lineatus"
"293","Aluterus scriptus"
"294","Anisotremus surinamensis"
"295","Antennarius multiocellatus"
"296","Antennarius striatus"
"297","Apogon americanus"
"298","Apogon maculatus"
"299","Apogon pseudomaculatus"
"300","Bothus leopardinus"
"301","Bothus lunatus"
"302","Bothus ocellatus"
"303","Cantherhines macrocerus"
"304","Canthigaster figueiredoi"
"305","Centropyge acanthops"
"306","Chaetodipterus faber"
"307","Chromis insolata"
"308","Chromis multilineata"
"309","Coryphopterus glaucofraenum"
"310","Diodon hystrix"
"311","Elacatinus figaro"
"312","Gobiesox strumosus"
"313","Gymnothorax melatremus"
"314","Gymnothorax moringa"
"315","Gymnothorax ocellatus"
"316","Gymnothorax vicinus"
"317","Halichoeres brasiliensis"
"318","Halichoeres poeyi"
"319","Labrisomus nuchipinnis"
"320","Labrisomus striatus"
"321","Lactophrys trigonus"
"322","Microspathodon chrysurus"
"323","Muraena pavonina"
"324","Myrichthys ocellatus"
"325","Myripristis jacobus"
"326","Ogcocephalus cubifrons"
"327","Ogcocephalus radiatus"
"328","Ogcocephalus vespertilio"
"329","Ophioblennius trinitatis"
"330","Parablennius marmoreus"
"331","Paranthias colonus"
"332","Paranthias furcifer"
"333","Prionotus nudigula"
"334","Prionotus ophryas"
"335","Prognathodes aculeatus"
"336","Serranus baldwini"
"337","Serranus flaviventris"
"338","Stegastes leucostictus"
"339","Stegastes pictus"
"340","Stegastes variabilis"
"341","Thalassoma noronhanum"
"342","Trachinocephalus myops"
"343","Chilomycterus spinosus spinosus"
"344","Myrichthys breviceps"
"345","Plectroglyphidodon lacrymatus"
"346","Stygnobrotula latebricola"
"347","Batrachoides surinamensis"
"348","Parablennius pilicornis"
"349","Porichthys porosissimus"
"350","Scarus zelindae"
"351","Scorpaena brasiliensis"
"352","Sphoeroides spengleri"
"353","Heteropriacanthus cruentatus"
"354","Eumicrotremus orbis"
"355","Aulorhynchus flavidus"
"356","Eptatretus stoutii"
"357","Centropyge hotumatua"
"358","Chaetodon litus"
"359","Actinia equina"
"360","Asterias amurensis"
"361","Stichodactyla haddoni"
"362","Centropyge flavicauda"
"363","Centropyge flavissima"
"364","Centropyge loricula"
"365","Chrysiptera galba"
"366","Labroides rubrolabiatus"
"367","Neocirrhites armatus"
"368","Pseudanthias ventralis ventralis"
"369","Halichoeres ornatissimus"
"370","Luzonichthys earlei"
"371","Nemateleotris helfrichi"
"372","Pseudanthias lori"
"373","Pseudanthias pascalus"
"374","Acanthurus achilles"
"375","Arothron meleagris"
"376","Bodianus diplotaenia"
"377","Canthigaster punctatissimus"
"378","Chaetodon humeralis"
"379","Cirrhitichthys oxycephalus"
"380","Fowlerichthys avalonis"
"381","Gymnomuraena zebra"
"382","Holacanthus passer"
"383","Microspathodon dorsalis"
"384","Muraena lentiginosa"
"385","Ophioblennius steindachneri"
"386","Oxycirrhites typus"
"387","Pomacanthus zonipectus"
"388","Pristigenys serrula"
"389","Thalassoma lucasanum"
"390","Apogon atricaudus"
"391","Cephalopholis panamensis"
"392","Diplobatis ommata"
"393","Elacatinus puncticulatus"
"394","Gymnothorax undulatus"
"395","Johnrandallia nigrirostris"
"396","Prionurus punctatus"
"397","Acanthemblemaria macrospilus"
"398","Apogon atradorsatus"
"399","Centropyge argi"
"400","Elacatinus gemmatus"
"401","Elacatinus genie"
"402","Liopropoma carmabi"
"403","Emblemaria pandionis"
"404","Coryphopterus lipernes"
"405","Pleurosicya labiata"
"406","Stegastes planifrons"
"407","Elacatinus horsti"
"408","Elacatinus oceanops"
"409","Plectrypops retrospinis"
"410","Ancylomenes pedersoni"
"411","Liopropoma rubre"
"412","Lysmata grabhami"
"413","Stegastes diencaeus"
"414","Zoanthus pulchellus"
"415","Gramma melacara"
"416","Serranus annularis"
"417","Abudefduf sexfasciatus"
"418","Apogon binotatus"
"419","Stegastes partitus"
"420","Bispira brunnea"
"421","Bispira melanostigma"
"422","Percnon gibbesi"
"423","Holocentrus rufus"
"424","Alpheus armatus"
"425","Apogon townsendi"
"426","Elacatinus prochilos"
"427","Elysia crispata"
"428","Equetus lanceolatus"
"429","Haemulon flavolineatum"
"430","Heteractis crispa"
"431","Lithopoma tectum"
"432","Ophioderma rubicunda"
"433","Pempheris schomburgkii"
"434","Ariopsis seemanni"
"435","Coenobita clypeatus"
"436","Gobioides broussonnetii"
"437","Neopetrolisthes maculatus"
"438","Abudefduf taurus"
"439","Acanthemblemaria castroi"
"440","Halichoeres dispilus"
"441","Aidablennius sphynx"
"442","Sphoeroides annulatus"
"443","Urolophus halleri"
"444","Acanthurus sohal"
"445","Amphiprion bicinctus"
"446","Arothron diadematus"
"447","Chaetodon larvatus"
"448","Chaetodon paucifasciatus"
"449","Chaetodon semilarvatus"
"450","Pomacanthus maculosus"
"451","Rhinecanthus assasi"
"452","Zebrasoma desjardinii"
"453","Zebrasoma xanthurum"
"454","Paracheilinus octotaenia"
"455","Pomacanthus asfur"
"456","Balistoides viridescens"
"457","Chaetodon austriacus"
"458","Chaetodon mesoleucos"
"459","Chaetodon xanthurus"
"460","Cheilinus lunulatus"
"461","Chromis bami"
"462","Cryptocentrus lutheri"
"463","Dascyllus marginatus"
"464","Ecsenius gravieri"
"465","Gomphosus caeruleus"
"466","Halichoeres hortulanus"
"467","Halichoeres scapularis"
"468","Heniochus intermedius"
"469","Larabicus quadrilineatus"
"470","Ostracion cubicus"
"471","Parupeneus forsskali"
"472","Pseudobalistes fuscus"
"473","Pseudochromis flavivertex"
"474","Pterois radiata"
"475","Siganus stellatus"
"476","Tenualosa toli"
"477","Macropharyngodon bipartitus marisrubri"
"478","Prognathodes falcifer"
"479","Acanthurus lineatus"
"480","Acanthurus nigricans"
"481","Acanthurus pyroferus"
"482","Amblygobius decussatus"
"483","Amphiprion chrysopterus"
"484","Centropyge bicolor"
"485","Centropyge vrolikii"
"486","Chromis acares"
"487","Chromis agilis"
"488","Chromis opercularis"
"489","Chromis ternatensis"
"490","Chromis xanthura"
"491","Chrysiptera talboti"
"492","Chrysiptera traceyi"
"493","Cirrhilabrus katherinae"
"494","Cirrhilabrus luteovittatus"
"495","Cirripectes stigmaticus"
"496","Coris gaimard"
"497","Corythoichthys intestinalis"
"498","Ecsenius bicolor"
"499","Halichoeres melasmapomus"
"500","Halichoeres richmondi"
"501","Luzonichthys whitleyi"
"502","Myripristis hexagona"
"503","Oplopomus oplopomus"
"504","Ostorhinchus novemfasciatus"
"505","Plectroglyphidodon phoenixensis"
"506","Pomacentrus auriventris"
"507","Pseudanthias bartlettorum"
"508","Pseudanthias smithvanizi"
"509","Pseudanthias tuka"
"510","Pterois antennata"
"511","Pygoplites diacanthus"
"512","Rhinecanthus aculeatus"
"513","Valenciennea sexguttata"
"514","Amblyglyphidodon aureus"
"515","Amblyglyphidodon curacao"
"516","Amphiprion chrysogaster"
"517","Amphiprion frenatus"
"518","Anampses meleagrides"
"519","Arothron manilensis"
"520","Arothron nigropunctatus"
"521","Astropecten polyacanthus"
"522","Balistapus undulatus"
"523","Bodianus diana"
"524","Bodianus mesothorax"
"525","Canthigaster epilampra"
"526","Canthigaster valentini"
"527","Chaetodon baronessa"
"528","Chaetodon bennetti"
"529","Chaetodon citrinellus"
"530","Chaetodon ephippium"
"531","Chaetodon falcula"
"532","Chaetodon kleinii"
"533","Chaetodon mertensii"
"534","Chaetodon pelewensis"
"535","Chaetodon plebeius"
"536","Chaetodon rafflesii"
"537","Chaetodon trifasciatus"
"538","Chaetodon unimaculatus"
"539","Cirrhitichthys falco"
"540","Cirrhitus pinnulatus"
"541","Dendrochirus zebra"
"542","Echinometra mathaei"
"543","Ecsenius namiyei"
"544","Fromia milleporella"
"545","Gobiodon citrinus"
"546","Gomphosus varius"
"547","Halichoeres cosmetus"
"548","Hemigymnus melapterus"
"549","Heniochus acuminatus"
"550","Heterodactyla hemprichii"
"551","Holothuria (Mertensiothuria) leucospilota"
"552","Linckia laevigata"
"553","Meiacanthus oualanensis"
"554","Novaculichthys taeniourus"
"555","Oxymonacanthus longirostris"
"556","Paracirrhites arcatus"
"557","Paraluteres prionurus"
"558","Parapercis nebulosa"
"559","Parupeneus barberinoides"
"560","Pervagor melanocephalus"
"561","Plotosus lineatus"
"562","Pomacentrus alleni"
"563","Pomacentrus coelestis"
"564","Pomacentrus trichrourus"
"565","Scolopsis bilineata"
"566","Siganus doliatus"
"567","Siganus magnificus"
"568","Siganus uspi"
"569","Sphaeramia nematoptera"
"570","Tubipora musica"
"571","Zebrasoma scopas"
"572","Abudefduf vaigiensis"
"573","Acanthurus chronixis"
"574","Acanthurus japonicus"
"575","Acanthurus tennentii"
"576","Acanthurus triostegus"
"577","Amblyeleotris guttata"
"578","Amblyeleotris steinitzi"
"579","Amblyeleotris wheeleri"
"580","Amblyglyphidodon leucogaster"
"581","Anampses caeruleopunctatus"
"582","Anampses twistii"
"583","Apogon amboinensis"
"584","Apolemichthys trimaculatus"
"585","Archamia fucata"
"586","Arothron hispidus"
"587","Arothron mappa"
"588","Canthigaster bennetti"
"589","Canthigaster solandri"
"590","Centropyge ferrugata"
"591","Centropyge fisheri"
"592","Cetoscarus bicolor"
"593","Chaetodon lunula"
"594","Chaetodon trifascialis"
"595","Choerodon jordani"
"596","Chromis margaritifer"
"597","Chrysiptera hemicyanea"
"598","Chrysiptera tricincta"
"599","Cirrhilabrus rubrimarginatus"
"600","Cirrhilabrus temminckii"
"601","Coris aygula"
"602","Cryptocentrus leptocephalus"
"603","Ctenochaetus striatus"
"604","Dascyllus melanurus"
"605","Exallias brevis"
"606","Genicanthus melanospilos"
"607","Gobiodon atrangulatus"
"608","Heniochus varius"
"609","Lactoria cornuta"
"610","Luzonichthys waitei"
"611","Neoglyphidodon melas"
"612","Neoglyphidodon nigroris"
"613","Neoniphon sammara"
"614","Parupeneus barberinus"
"615","Pictichromis porphyrea"
"616","Plectorhinchus lineatus"
"617","Plectorhinchus vittatus"
"618","Ptereleotris evides"
"619","Ptereleotris heteroptera"
"620","Ptereleotris microlepis"
"621","Ptereleotris zebra"
"622","Rhinecanthus rectangulus"
"623","Rhinecanthus verrucosus"
"624","Sargocentron caudimaculatum"
"625","Sargocentron spiniferum"
"626","Siganus guttatus"
"627","Siganus lineatus"
"628","Siganus spinus"
"629","Siganus vulpinus"
"630","Sufflamen bursa"
"631","Sufflamen chrysopterum"
"632","Synchiropus splendidus"
"633","Thalassoma amblycephalum"
"634","Valenciennea longipinnis"
"635","Valenciennea puellaris"
"636","Variola louti"
"637","Apogon lachneri"
"638","Apogon pacificus"
"639","Apolemichthys xanthopunctatus"
"640","Bodianus axillaris"
"641","Cheilinus chlorourus"
"642","Cirripectes castaneus"
"643","Genicanthus caudovittatus"
"644","Gnathanodon speciosus"
"645","Halichoeres prosopeion"
"646","Hemigymnus fasciatus"
"647","Macropharyngodon negrosensis"
"648","Pseudocheilinus evanidus"
"649","Pseudocheilinus octotaenia"
"650","Ptereleotris monoptera"
"651","Scarus frenatus"
"652"," "
"653","Abudefduf hoefleri"
"654","Acanthurus nigricauda"
"655","Chaetodon semeion"
"656","Chromis iomelas"
"657","Chromis leucura"
"658","Diademichthys lineatus"
"659","Fromia monilis"
"660","Labropsis xanthonota"
"661","Naso annulatus"
"662","Naso caeruleacauda"
"663","Naso thynnoides"
"664","Naso tonganus"
"665","Pentapodus aureofasciatus"
"666","Pervagor janthinosoma"
"667","Pseudanthias pleurotaenia"
"668","Pseudobalistes flavimarginatus"
"669","Ptereleotris hanae"
"670","Scolopsis lineata"
"671","Siganus argenteus"
"672","Stethojulis notialis"
"673","Valenciennea randalli"
"674","Zoramia leptacantha"
"675","Acanthurus maculiceps"
"676","Aeoliscus strigatus"
"677","Centropyge nox"
"678","Cirrhilabrus marjorie"
"679","Cryptocentrus cinctus"
"680","Ctenochaetus binotatus"
"681","Dascyllus reticulatus"
"682","Halichoeres hartzfeldii"
"683","Litophyton arboreum"
"684","Neoglyphidodon oxyodon"
"685","Paracheilinus rubricaudalis"
"686","Pseudanthias engelhardi"
"687","Pseudojuloides cerasinus"
"688","Sarcophyton elegans"
"689","Sarcophyton tenuispiculatum"
"690","Thalassoma purpureum"
"691","Xenia elongata"
"692","Abalistes stellaris"
"693","Amphiprion tricinctus"
"694","Canthigaster papua"
"695","Canthigaster smithae"
"696","Centropyge deborae"
"697","Chromis amboinensis"
"698","Chromis analis"
"699","Chromis retrofasciata"
"700","Chromis weberi"
"701","Ciliopagurus strigatus"
"702","Ctenochaetus tominiensis"
"703","Dendrochirus brachypterus"
"704","Dunckerocampus dactyliophorus"
"705","Echinaster luzonicus"
"706","Heniochus monoceros"
"707","Hologymnosus doliatus"
"708","Hymenocera picta"
"709","Labropsis alleni"
"710","Lutjanus sebae"
"711","Lysmata amboinensis"
"712","Mastigias papua"
"713","Nemanthias carberryi"
"714","Ostorhinchus margaritophorus"
"715","Paracheilinus cyaneus"
"716","Philinopsis gardineri"
"717","Pictichromis diadema"
"718","Sargocentron rubrum"
"719","Siganus puelloides"
"720","Tripneustes gratilla"
"721","Zoramia gilberti"
"722","Apogonichthyoides niger"
"723","Caracanthus maculatus"
"724","Cephalopholis argus"
"725","Chaetodon quadrimaculatus"
"726","Chaetodon reticulatus"
"727","Chaetodon tinkeri"
"728","Chaetodon trichrous"
"729","Cirrhitichthys aprinus"
"730","Ctenochaetus strigosus"
"731","Dascyllus flavicaudus"
"732","Dendrochirus biocellatus"
"733","Forcipiger longirostris"
"734","Ostorhinchus nigrofasciatus"
"735","Ostracion meleagris"
"736","Paracirrhites forsteri"
"737","Acanthurus guttatus"
"738","Acanthurus xanthopterus"
"739","Aulostomus chinensis"
"740","Canthigaster jactator"
"741","Centropyge multicolor"
"742","Corythoichthys flavofasciatus"
"743","Corythoichthys paxtoni"
"744","Heniochus chrysostomus"
"745","Myripristis kuntee"
"746","Ostorhinchus cookii"
"747","Ostorhinchus griffini"
"748","Parupeneus spilurus"
"749","Parupeneus trifasciatus"
"750","Platax orbicularis"
"751","Priacanthus hamrur"
"752","Stethojulis bandanensis"
"753","Myripristis seychellensis"
"754","Pomachromis fuscidorsalis"
"755","Caesio caerulaurea"
"756","Ctenochaetus flavicauda"
"757","Nectamia savayensis"
"758","Ostorhinchus apogonoides"
"759","Pterocaesio tile"
"760","Sargocentron microstoma"
"761","Sargocentron tiere"
"762","Siganus canaliculatus"
"763","Acanthurus leucopareius"
"764","Antennatus coccineus"
"765","Chaetodon tricinctus"
"766","Echinothrix calamaris"
"767","Holothuria (Halodeima) atra"
"768","Acanthurus monroviae"
"769","Balistes punctatus"
"770","Bodianus speciosus"
"771","Cephalopholis taeniops"
"772","Chaetodon robustus"
"773","Cirrhitus atlanticus"
"774","Coris atlantica"
"775","Coris julis"
"776","Holacanthus africanus"
"777","Muraena melanotis"
"778","Prognathodes marcellae"
"779","Thalassoma newtoni"
"780","Thalassoma pavo"
"781","Xyrichtys novacula"
"782","Selene brevoortii"
"783","Sphoeroides testudineus"
"784","Mustelus asterias"
"785","Bartholomea annulata"
"786","Echidna catenata"
"787","Echinaster (Othilia) sentus"
"788","Hypoplectrus aberrans"
"789","Liopropoma mowbrayi"
"790","Lysmata intermedia"
"791","Octopus vulgaris"
"792","Ophiothrix fragilis"
"793","Opistognathus whitehursti"
"794","Oreaster reticulatus"
"795","Phymanthus crucifer"
"796","Rhinesomus triqueter"
"797","Sargocentron vexillarium"
"798","Scartella cristata"
"799","Sphyraena barracuda"
"800","Zoanthus sociatus"
"801","Cyclichthys orbicularis"
"802","Elacatinus illecebrosus"
"803","Gramma linki"
"804","Holocentrus adscensionis"
"805","Hypoplectrus gummigutta"
"806","Hypoplectrus unicolor"
"807","Labrisomus filamentosus"
"808","Opistognathus macrognathus"
"809","Oxymetopon cyanoctenosum"
"810","Peristedion liorhynchus"
"811","Petrotyx sanguineus"
"812","Xyrichtys splendens"
"813","Alectis ciliaris"
"814","Monacanthus ciliatus"
"815","Neoglyphidodon crossi"
"816","Americoliva reticularis"
"817","Aplysia dactylomela"
"818","Apogon lineatus"
"819","Astrophyton muricatum"
"820","Berthellina engeli"
"821","Centropyge abei"
"822","Clibanarius tricolor"
"823","Coryphopterus personatus"
"824","Diadema antillarum"
"825","Discosoma carlgreni"
"826","Discosoma neglecta"
"827","Domecia acanthophora"
"828","Echinometra lucunter"
"829","Echinometra viridis"
"830","Ecsenius trilineatus"
"831","Halichoeres chrysus"
"832","Hexaplex erythrostomus"
"833","Holothuria (Halodeima) mexicana"
"834","Justitia longimana"
"835","Lysmata ankeri"
"836","Lytechinus variegatus"
"837","Mithraculus cinctimanus"
"838","Nerita versicolor"
"839","Ophioderma appressa"
"840","Ophioderma squamosissima"
"841","Ophiothrix (Acanthophiothrix) purpurea"
"842","Petrochirus diogenes"
"843","Porcellana sayana"
"844","Pseudoboletia maculata"
"845","Ricordea florida"
"846","Sparisoma chrysopterum"
"847","Spirobranchus giganteus"
"848","Strombus pugilis"
"849","Acanthopleura granulata"
"850","Alpheus bellulus"
"851","Berthella plumula"
"852","Diadema setosum"
"853","Echinaster (Othilia) echinophorus"
"854","Eucidaris thouarsii"
"855","Lytechinus williamsi"
"856","Periclimenes yucatanicus"
"857","Pomacanthus sexstriatus"
"858","Sabella spallanzanii"
"859","Sabellastarte spectabilis"
"860","Stichodactyla gigantea"
"861","Thor amboinensis"
"862","Phimochirus operculatus"
"863","Strombus alatus"
"864","Epinephelus lanceolatus"
"865","Ablabys taenianotus"
"866","Acanthurus auranticavus"
"867","Acanthurus bariene"
"868","Acanthurus leucocheilus"
"869","Acanthurus mata"
"870","Acanthurus nigrofuscus"
"871","Acreichthys tomentosus"
"872","Aeoliscus punctulatus"
"873","Alectis indica"
"874","Amblyeleotris aurora"
"875","Amphiprion ephippium"
"876","Amphiprion fuscocaudatus"
"877","Amphiprion sandaracinos"
"878","Amphiprion sebae"
"879","Anampses chrysocephalus"
"880","Anampses lineatus"
"881","Anampses melanurus"
"882","Antennarius hispidus"
"883","Antennarius maculatus"
"884","Antennarius pictus"
"885","Apogon coccineus"
"886","Apogon pillionatus"
"887","Atelomycterus macleayi"
"888","Atrosalarias holomelas"
"889","Bodianus anthioides"
"890","Bodianus bilunulatus"
"891","Bodianus masudai"
"892","Calloplesiops altivelis"
"893","Canthigaster amboinensis"
"894","Canthigaster compressa"
"895","Canthigaster coronata"
"896","Carcharhinus melanopterus"
"897","Centropyge eibli"
"898","Centropyge potteri"
"899","Centropyge tibicen"
"900","Centropyge venusta"
"901","Cephalopholis boenak"
"902","Cephalopholis miniata"
"903","Cephalopholis urodeta"
"904","Chaetodermis penicilligerus"
"905","Chaetodon adiergastos"
"906","Chaetodon burgessi"
"907","Chaetodon collare"
"908","Chaetodon decussatus"
"909","Chaetodon lineolatus"
"910","Chaetodon madagaskariensis"
"911","Chaetodon meyeri"
"912","Chaetodon nigropunctatus"
"913","Chaetodon octofasciatus"
"914","Chaetodon ornatissimus"
"915","Chaetodon punctatofasciatus"
"916","Chaetodon speculum"
"917","Chaetodon triangulum"
"918","Chaetodontoplus melanosoma"
"919","Cheilinus undulatus"
"920","Chiloscyllium punctatum"
"921","Chlorurus gibbus"
"922","Choerodon anchorago"
"923","Chromis dimidiata"
"924","Chromodoris magnifica"
"925","Chrysiptera brownriggii"
"926","Chrysiptera caeruleolineata"
"927","Chrysiptera rollandi"
"928","Cirrhilabrus cyanopleura"
"929","Cociella crocodilus"
"930","Coradion melanopus"
"931","Coris cuvieri"
"932","Cromileptes altivelis"
"933","Ctenogobiops tangaroai"
"934","Culcita novaeguineae"
"935","Cypraea tigris"
"936","Dactyloptena orientalis"
"937","Dactylopus dactylopus"
"938","Dascyllus carneus"
"939","Dendronephthya rubeola"
"940","Diadema savignyi"
"941","Diagramma pictum"
"942","Diancistrus fuscus"
"943","Diodon liturosus"
"944","Diploprion bifasciatum"
"945","Diproctacanthus xanthurus"
"946","Doryrhamphus excisus abbreviatus"
"947","Doryrhamphus excisus excisus"
"948","Doryrhamphus janssi"
"949","Dunckerocampus multiannulatus"
"950","Echidna nebulosa"
"951","Ecsenius midas"
"952","Enoplometopus debelius"
"953","Enoplometopus occidentalis"
"954","Entomacrodus marmoratus"
"955","Epinephelus coeruleopunctatus"
"956","Epinephelus tauvina"
"957","Fowlerichthys ocellatus"
"958","Fromia elegans"
"959","Genicanthus lamarck"
"960","Gobiodon histrio"
"961","Grammistes sexlineatus"
"962","Gunnellichthys curiosus"
"963","Gymnothorax favagineus"
"964","Gymnothorax fimbriatus"
"965","Gymnothorax nubilus"
"966","Halichoeres nebulosus"
"967","Heniochus pleurotaenia"
"968","Heniochus singularius"
"969","Heterocentrotus mamillatus"
"970","Heteroconger hassi"
"971","Heterodontus zebra"
"972","Hexabranchus sanguineus"
"973","Himerometra bartschi"
"974","Hippocampus hippocampus"
"975","Histrio histrio"
"976","Hoplolatilus marcosi"
"977","Hoplolatilus purpureus"
"978","Hoplolatilus starcki"
"979","Hypselodoris bullockii"
"980","Iniistius dea"
"981","Istiblennius dussumieri"
"982","Koumansetta hectori"
"983","Labracinus cyclophthalmus"
"984","Labracinus lineatus"
"985","Labroides bicolor"
"986","Labroides pectoralis"
"987","Labroides phthirophagus"
"988","Lybia tessellata"
"989","Macolor macularis"
"990","Macolor niger"
"991","Macropharyngodon ornatus"
"992","Malacanthus latovittatus"
"993","Manonichthys splendens"
"994","Meiacanthus smithi"
"995","Melichthys vidua"
"996","Mespilia globulus"
"997","Microlipophrys nigriceps"
"998","Mulloidichthys martinicus"
"999","Myrichthys colubrinus"
"1000","Myripristis murdjan"
"1001","Nemateleotris decora"
"1002","Neopomacentrus azysron"
"1003","Neopomacentrus nemurus"
"1004","Neopomacentrus violascens"
"1005","Neotrygon kuhlii"
"1006","Octopus cyanea"
"1007","Octopus vitiensis"
"1008","Odontodactylus scyllarus"
"1009","Onigocia macrolepis"
"1010","Ophiarachna incrassata"
"1011","Opistognathus lonchurus"
"1012","Ostracion solorensis"
"1013","Oxycomanthus bennetti"
"1014","Panulirus ornatus"
"1015","Panulirus versicolor"
"1016","Paracentropyge multifasciata"
"1017","Parachaetodon ocellatus"
"1018","Paracheilinus filamentosus"
"1019","Parapercis schauinslandii"
"1020","Parasalenia gratiosa"
"1021","Parazoanthus axinellae"
"1022","Parupeneus rubescens"
"1023","Pentaceraster tuberculatus"
"1024","Periclimenes brevicarpalis"
"1025","Perna viridis"
"1026","Petroscirtes breviceps"
"1027","Plagiotremus rhinorhynchos"
"1028","Platax pinnatus"
"1029","Platax teira"
"1030","Plectorhinchus albovittatus"
"1031","Plectorhinchus diagrammus"
"1032","Plectorhinchus picus"
"1033","Plectorhinchus polytaenia"
"1034","Plectroglyphidodon dickii"
"1035","Plesiops corallicola"
"1036","Plotosus limbatus"
"1037","Pogonoperca punctata"
"1038","Pomacanthus navarchus"
"1039","Pomacanthus xanthometopon"
"1040","Pomacentrus australis"
"1041","Pomacentrus imitator"
"1042","Pomacentrus vaiuli"
"1043","Protoreaster lincki"
"1044","Pseudanthias evansi"
"1045","Pseudanthias huchtii"
"1046","Pseudanthias parvirostris"
"1047","Pseudanthias rubrizonatus"
"1048","Pseudochromis fuscus"
"1049","Pseudochromis melas"
"1050","Ptereleotris calliura"
"1051","Pterois lunulata"
"1052","Pterois miles"
"1053","Rhinomuraena quaesita"
"1054","Rhinopias eschmeyeri"
"1055","Rhynchocinetes serratus"
"1056","Rhynchocinetes uritai"
"1057","Salarias ceramensis"
"1058","Salarias guttatus"
"1059","Saron marmoratus"
"1060","Scarus psittacus"
"1061","Scorpaenopsis diabolus"
"1062","Sebastapistes cyanostigma"
"1063","Sepia pharaonis"
"1064","Siganus corallinus"
"1065","Solenostomus cyanopterus"
"1066","Solenostomus paradoxus"
"1067","Stegastes flavilatus"
"1068","Stethojulis balteata"
"1069","Stethojulis trilineata"
"1070","Stichopus horrens"
"1071","Stonogobiops xanthorhinica"
"1072","Symphorichthys spilurus"
"1073","Synanceia verrucosa"
"1074","Synapta maculata"
"1075","Synchiropus picturatus"
"1076","Syngnathoides biaculeatus"
"1077","Taenianotus triacanthus"
"1078","Taeniura lymma"
"1079","Trichonotus setiger"
"1080","Uropterygius concolor"
"1081","Valenciennea helsdingenii"
"1082","Abalistes stellatus"
"1083","Abudefduf septemfasciatus"
"1084","Acanthurus tristis"
"1085","Allenbatrachus grunniens"
"1086","Amanses scopas"
"1087","Amblyeleotris sungami"
"1088","Amblyglyphidodon flavilatus"
"1089","Amblygobius bynoensis"
"1090","Amblypomacentrus breviceps"
"1091","Amphiprion allardi"
"1092","Amphiprion leucokranos"
"1093","Antennarius biocellatus"
"1094","Antennarius commerson"
"1095","Antennatus nummifer"
"1096","Anthias anthias"
"1097","Anthias helenensis"
"1098","Apogon crassiceps"
"1099","Apogon dammermani"
"1100","Apogon doederleini"
"1101","Apogon doryssa"
"1102","Apolemichthys xanthurus"
"1103","Archamia leai"
"1104","Archamia macroptera"
"1105","Arothron stellatus"
"1106","Atelomycterus marmoratus"
"1107","Barbulifer ceuthoecus"
"1108","Belonepterygion fasciolatum"
"1109","Belonoperca chabanaudi"
"1110","Blenniella gibbifrons"
"1111","Blenniella periophthalmus"
"1112","Bodianus bimaculatus"
"1113","Bodianus izuensis"
"1114","Bodianus opercularis"
"1115","Bolbometopon muricatum"
"1116","Bothus mancus"
"1117","Caesio cuning"
"1118","Callionymus beniteguri"
"1119","Callogobius hasseltii"
"1120","Cantherhines pardalis"
"1121","Cantherhines sandwichiensis"
"1122","Canthidermis maculata"
"1123","Centriscus scutatus"
"1124","Centropyge colini"
"1125","Centropyge multispinis"
"1126","Cephalopholis formosa"
"1127","Cephalopholis polleni"
"1128","Cephaloscyllium ventriosum"
"1129","Cepola macrophthalma"
"1130","Chaetodon argentatus"
"1131","Chaetodon guttatissimus"
"1132","Chaetodon lunulatus"
"1133","Cheilio inermis"
"1134","Chelonodon laticeps"
"1135","Chiloscyllium griseum"
"1136","Chiloscyllium plagiosum"
"1137","Chlorurus enneacanthus"
"1138","Chriolepis zebra"
"1139","Chromis dasygenys"
"1140","Chromis hanui"
"1141","Chrysiptera bleekeri"
"1142","Chrysiptera niger"
"1143","Chrysiptera oxycephala"
"1144","Chrysiptera sheila"
"1145","Chrysiptera springeri"
"1146","Chrysiptera unimaculata"
"1147","Cirrhilabrus adornatus"
"1148","Cirrhilabrus aurantidorsalis"
"1149","Cirrhilabrus blatteus"
"1150","Cirrhilabrus filamentosus"
"1151","Cirrhilabrus flavidorsalis"
"1152","Cirrhilabrus rubripinnis"
"1153","Cirrhilabrus rubrisquamis"
"1154","Cirrhilabrus rubriventralis"
"1155","Cirrhilabrus tonozukai"
"1156","Cirripectes springeri"
"1157","Colistium guntheri"
"1158","Congrogadus subducens"
"1159","Coris flavovittata"
"1160","Coris formosa"
"1161","Coris pictoides"
"1162","Corythoichthys haematopterus"
"1163","Corythoichthys insularis"
"1164","Corythoichthys polynotatus"
"1165","Cryptocentrus albidorsus"
"1166","Ctenogobiops pomastictus"
"1167","Cyprinocirrhites polyactis"
"1168","Dendrochirus barberi"
"1169","Dischistodus perspicillatus"
"1170","Dischistodus prosopotaenia"
"1171","Discotrema crinophilum"
"1172","Doryrhamphus japonicus"
"1173","Dunckerocampus pessuliferus"
"1174","Echidna polyzona"
"1175","Ecsenius aroni"
"1176","Ecsenius bandanus"
"1177","Ecsenius frontalis"
"1178","Ecsenius melarchus"
"1179","Ecsenius oculatus"
"1180","Ecsenius sellifer"
"1181","Enchelyurus flavipes"
"1182","Engraulis japonicus"
"1183","Epinephelus awoara"
"1184","Epinephelus flavocaeruleus"
"1185","Epinephelus merra"
"1186","Epinephelus morio"
"1187","Eurypegasus draconis"
"1188","Eviota pellucida"
"1189","Eviota saipanensis"
"1190","Genicanthus bellus"
"1191","Gobiodon quinquestrigatus"
"1192","Gobiodon reticulatus"
"1193","Gobiodon rivulatus"
"1194","Gobius niger"
"1195","Gracila albomarginata"
"1196","Gymnapogon urospilotus"
"1197","Gymnothorax flavimarginatus"
"1198","Gymnothorax javanicus"
"1199","Gymnothorax kidako"
"1200","Gymnothorax thyrsoideus"
"1201","Gymnura japonica"
"1202","Halichoeres argus"
"1203","Halichoeres brownfieldi"
"1204","Halichoeres leucurus"
"1205","Halichoeres margaritaceus"
"1206","Halichoeres melanochir"
"1207","Halichoeres podostigma"
"1208","Halichoeres rubricephalus"
"1209","Halichoeres trispilus"
"1210","Hapalochlaena lunulata"
"1211","Hemitaurichthys zoster"
"1212","Hoplolatilus chlupatyi"
"1213","Hoplolatilus cuniculus"
"1214","Hoplolatilus fourmanoiri"
"1215","Hoplolatilus fronticinctus"
"1216","Hoplolatilus luteus"
"1217","Inegocia guttata"
"1218","Iniistius pavo"
"1219","Inimicus didactylus"
"1220","Inimicus filamentosus"
"1221","Istiblennius lineatus"
"1222","Istigobius decoratus"
"1223","Istigobius ornatus"
"1224","Labracinus melanotaenia"
"1225","Labrichthys unilineatus"
"1226","Labropsis manabei"
"1227","Lactophrys bicaudalis"
"1228","Lactoria fornasini"
"1229","Lepidoperca pulchella"
"1230","Liopropoma susumi"
"1231","Liopropoma swalesi"
"1232","Lobotes surinamensis"
"1233","Lutjanus erythropterus"
"1234","Lutjanus vitta"
"1235","Malacanthus brevirostris"
"1236","Manonichthys paranox"
"1237","Manonichthys polynemus"
"1238","Micrognathus andersonii"
"1239","Microgobius thalassinus"
"1240","Monodactylus argenteus"
"1241","Moringua microchir"
"1242","Mulloidichthys vanicolensis"
"1243","Myrichthys maculosus"
"1244","Myripristis amaena"
"1245","Naso elegans"
"1246","Naso hexacanthus"
"1247","Nectamia bandanensis"
"1248","Neopataecus waterhousii"
"1249","Novaculoides macrolepidotus"
"1250","Ogilbia cayorum"
"1251","Omobranchus elegans"
"1252","Opistognathus gilberti"
"1253","Opistognathus scops"
"1254","Ostorhinchus angustatus"
"1255","Ostorhinchus compressus"
"1256","Ostorhinchus dispar"
"1257","Ostorhinchus fasciatus"
"1258","Ostorhinchus hartzfeldii"
"1259","Ostorhinchus maculiferus"
"1260","Ostorhinchus moluccensis"
"1261","Ostorhinchus parvulus"
"1262","Ostorhinchus sealei"
"1263","Oxycercichthys veliferus"
"1264","Oxycheilinus bimaculatus"
"1265","Oxycheilinus celebicus"
"1266","Paracaesio xanthura"
"1267","Paracentropogon longispinis"
"1268","Paracheilinus flavianalis"
"1269","Paracheilinus lineopunctatus"
"1270","Paracheilinus mccoskeri"
"1271","Paragobiodon xanthosoma"
"1272","Paralichthys lethostigma"
"1273","Parma bicolor"
"1274","Parupeneus macronemus"
"1275","Parupeneus multifasciatus"
"1276","Pataecus fronto"
"1277","Pegasus volitans"
"1278","Pictichromis aurifrons"
"1279","Platax batavianus"
"1280","Plectorhinchus chrysotaenia"
"1281","Plectorhinchus gaterinoides"
"1282","Plectorhinchus gaterinus"
"1283","Plectranthias inermis"
"1284","Plectropomus areolatus"
"1285","Plesiops coeruleolineatus"
"1286","Plesiops oxycephalus"
"1287","Plotosus canius"
"1288","Pomacentrus amboinensis"
"1289","Pomacentrus grammorhynchus"
"1290","Pomacentrus milleri"
"1291","Pomacentrus pikei"
"1292","Pomacentrus similis"
"1293","Pomacentrus simsiang"
"1294","Pomacentrus smithi"
"1295","Pomadasys maculatus"
"1296","Priolepis nocturna"
"1297","Pseudamia amblyuroptera"
"1298","Pseudanthias bicolor"
"1299","Pseudanthias bimaculatus"
"1300","Pseudanthias ignitus"
"1301","Pseudanthias luzonensis"
"1302","Pseudanthias pulcherrimus"
"1303","Pseudanthias randalli"
"1304","Pseudanthias thompsoni"
"1305","Pseudanthias truncatus"
"1306","Pseudechidna brummeri"
"1307","Pseudoblennius marmoratus"
"1308","Pseudocheilinus ocellatus"
"1309","Pseudochromis bitaeniatus"
"1310","Pseudochromis cyanotaenia"
"1311","Pseudochromis dilectus"
"1312","Pseudochromis marshallensis"
"1313","Pseudochromis moorei"
"1314","Pseudochromis perspicillatus"
"1315","Pseudochromis sankeyi"
"1316","Pseudochromis steenei"
"1317","Pseudochromis tapeinosoma"
"1318","Pseudocoris yamashiroi"
"1319","Pseudodax moluccanus"
"1320","Pseudojuloides erythrops"
"1321","Pseudojuloides mesostigma"
"1322","Pseudotriacanthus strigilifer"
"1323","Pterocaesio digramma"
"1324","Pteroidichthys amboinensis"
"1325","Pterois russelii"
"1326","Rhinopias aphanes"
"1327","Rhinopias argoliba"
"1328","Rhinopias frondosa"
"1329","Salarias segmentatus"
"1330","Sargocentron cornutum"
"1331","Sargocentron diadema"
"1332","Sargocentron spinosissimum"
"1333","Sargocentron xantherythrum"
"1334","Scarus ghobban"
"1335","Scarus niger"
"1336","Scarus quoyi"
"1337","Scarus vetula"
"1338","Scorpaenopsis cirrosa"
"1339","Scorpaenopsis macrochir"
"1340","Serranocirrhitus latus"
"1341","Siganus fuscescens"
"1342","Siganus trispilos"
"1343","Siganus unimaculatus"
"1344","Siganus virgatus"
"1345","Sphaeramia orbicularis"
"1346","Stegastes fasciolatus"
"1347","Stegostoma fasciatum"
"1348","Stonogobiops yasha"
"1349","Sufflamen albicaudatum"
"1350","Suggrundus macracanthus"
"1351","Suttonia lineata"
"1352","Suttonia suttoni"
"1353","Symphorus nematophorus"
"1354","Synchiropus marmoratus"
"1355","Synchiropus sechellensis"
"1356","Synchiropus stellatus"
"1357","Terapon jarbua"
"1358","Tetrosomus gibbosus"
"1359","Thalassoma trilobatum"
"1360","Tomiyamichthys oni"
"1361","Trachinotus blochii"
"1362","Trachyrhamphus longirostris"
"1363","Triaenodon obesus"
"1364","Upeneus tragula"
"1365","Valenciennea alleni"
"1366","Valenciennea muralis"
"1367","Valenciennea wardii"
"1368","Variola albimarginata"
"1369","Wetmorella albofasciata"
"1370","Wetmorella nigropinnata"
"1371","Xanthichthys auromarginatus"
"1372","Yongeichthys criniger"
"1373","Zebrias zebra"
"1374","Zoramia fragilis"
"1375","Abudefduf abdominalis"
"1376","Abudefduf luridus"
"1377","Acanthaluteres spilomelanurus"
"1378","Acanthurus nigroris"
"1379","Alionematichthys riukiuensis"
"1380","Amblyeleotris fasciata"
"1381","Amblygobius albimaculatus"
"1382","Anampses cuvier"
"1383","Antennatus analis"
"1384","Apogonichthyoides timorensis"
"1385","Arothron immaculatus"
"1386","Blenniella paula"
"1387","Bodianus loxozonus"
"1388","Bryaninops tigris"
"1389","Callionymus richardsonii"
"1390","Cheilodipterus quinquelineatus"
"1391","Chlopsis bicolor"
"1392","Chlorurus bleekeri"
"1393","Chromis ovalis"
"1394","Chrysiptera rex"
"1395","Cirrhilabrus jordani"
"1396","Cirrhitichthys aureus"
"1397","Cirripectes variolosus"
"1398","Corythoichthys schultzi"
"1399","Cryptocentrus cryptocentrus"
"1400","Ctenogobiops maculosus"
"1401","Dischistodus melanotus"
"1402","Foa brachygramma"
"1403","Fusigobius neophytus"
"1404","Fusigobius signipinnis"
"1405","Gorgasia maculata"
"1406","Gymnothorax pictus"
"1407","Gymnothorax rueppelliae"
"1408","Himantura gerrardi"
"1409","Hologymnosus annulatus"
"1410","Jaydia argyrogaster"
"1411","Kuhlia mugil"
"1412","Liopropoma eukrines"
"1413","Lutjanus notatus"
"1414","Meiacanthus lineatus"
"1415","Microphis brachyurus lineatus"
"1416","Mulloidichthys flavolineatus"
"1417","Myripristis berndti"
"1418","Nectamia fusca"
"1419","Nemipterus furcosus"
"1420","Nemipterus nemurus"
"1421","Neoglyphidodon bonang"
"1422","Opistognathus solorensis"
"1423","Ostorhinchus chrysopomus"
"1424","Ostorhinchus lateralis"
"1425","Paracheilinus angulatus"
"1426","Paragobiodon echinocephalus"
"1427","Parma microlepis"
"1428","Pentapodus bifasciatus"
"1429","Pentapodus emeryii"
"1430","Plectroglyphidodon johnstonianus"
"1431","Pomacanthus chrysurus"
"1432","Pomacentrus albicaudatus"
"1433","Pomacentrus chrysurus"
"1434","Pomacentrus reidi"
"1435","Pseudanthias carlsoni"
"1436","Pseudanthias hutomoi"
"1437","Pseudanthias lunulatus"
"1438","Pseudanthias taira"
"1439","Pseudocheilinops ataenia"
"1440","Pseudochromis fridmani"
"1441","Pseudochromis tonozukai"
"1442","Pseudojuloides kaleidos"
"1443","Pseudolabrus miles"
"1444","Pterocaesio chrysozona"
"1445","Pterocaesio pisang"
"1446","Rhynchobatus djiddensis"
"1447","Salarias alboguttatus"
"1448","Sargocentron violaceum"
"1449","Sunagocia otaitensis"
"1450","Ablabys binotatus"
"1451","Acanthaster planci"
"1452","Acanthella cavernosa"
"1453","Acanthochromis polyacanthus"
"1454","Acanthopleura gemmata"
"1455","Acanthurus fowleri"
"1456","Actinodendron plumosum"
"1457","Actinopyga miliaris"
"1458","Aioliops megastigma"
"1459","Alpheopsis yaldwyni"
"1460","Alpheus lottini"
"1461","Alpheus randalli"
"1462","Amblyeleotris callopareia"
"1463","Amblyeleotris ogasawarensis"
"1464","Amblyeleotris yanoi"
"1465","Amblyglyphidodon ternatensis"
"1466","Amblygobius sphynx"
"1467","Amplexidiscus fenestrafer"
"1468","Anamobaea oerstedi"
"1469","Ancylomenes holthuisi"
"1470","Aniculus aniculus"
"1471","Aniculus maximus"
"1472","Aniculus miyakei"
"1473","Aplysia (Varria)"
"1474","Aplysia juliana"
"1475","Aplysia oculifera"
"1476","Apogonichthys ocellatus"
"1477","Apolemichthys xanthotis"
"1478","Archaster lorioli"
"1479","Archaster typicus"
"1480","Arothron reticularis"
"1481","Asterina pectinifera"
"1482","Astrapogon puncticulatus"
"1483","Astropyga radiata"
"1484","Aulostomus maculatus"
"1485","Axiopsis serratifrons"
"1486","Bispira guinensis"
"1487","Bispira tricyclia"
"1488","Bornella calcarata"
"1489","Briareum stechei"
"1490","Bursatella leachii"
"1491","Caesio lunaris"
"1492","Caesio xanthonota"
"1493","Calcinus argus"
"1494","Calcinus californiensis"
"1495","Calcinus elegans"
"1496","Calcinus laevimanus"
"1497","Callistoctopus macropus"
"1498","Camposcia retusa"
"1499","Canarium urceus"
"1500","Canarium urceus urceus"
"1501","Carotalcyon sagamianum"
"1502","Cassiopea ornata"
"1503","Cavernularia obesa"
"1504","Celerina heffernani"
"1505","Cellana eucosmia"
"1506","Centrostephanus coronatus"
"1507","Cephalopholis aurantia"
"1508","Cephalopholis spiloparaea"
"1509","Cerianthus membranaceus"
"1510","Cerianthus orientalis"
"1511","Chaetodon auripes"
"1512","Cheilinus abudjubbe"
"1513","Cheilinus trilobatus"
"1514","Chelidonura varians"
"1515","Chiloscyllium arabicum"
"1516","Chironex fleckeri"
"1517","Chlorurus perspicillatus"
"1518","Chlorurus sordidus"
"1519","Choriaster granulatus"
"1520","Chromodoris elisabethina"
"1521","Chromodoris lochi"
"1522","Chromodoris quadricolor"
"1523","Chrysiptera rapanui"
"1524","Cinetorhynchus hiatti"
"1525","Cirrhilabrus condei"
"1526","Cirrhilabrus lunatus"
"1527","Cirrhilabrus pylei"
"1528","Clathria (Thalysias) vulpina"
"1529","Coenobita brevimanus"
"1530","Colobocentrotus (Podophora) atratus"
"1531","Colochirus crassus"
"1532","Colochirus quadrangularis"
"1533","Colochirus robustus"
"1534","Comaster schlegelii"
"1535","Conomurex luhuanus"
"1536","Coriocella hibyae"
"1537","Cribrinopsis crassa"
"1538","Cryptodendrum adhaesivum"
"1539","Cryptoplax larvaeformis"
"1540","Ctenochaetus cyanocheilus"
"1541","Ctenochaetus marginatus"
"1542","Ctenochaetus truncatus"
"1543","Cucumaria miniata"
"1544","Cyclax spinicinctus"
"1545","Cyclocoeloma tuberculata"
"1546","Dardanus deformis"
"1547","Dardanus guttatus"
"1548","Dardanus megistos"
"1549","Dardanus pedunculatus"
"1550","Dasyatis akajei"
"1551","Dendronephthya divaricata"
"1552","Dischistodus pseudochrysopoecilus"
"1553","Discosoma nummiforme"
"1554","Dolabella auricularia"
"1555","Dolabrifera dolabrifera"
"1556","Echinaster (Echinaster) sepositus"
"1557","Echinaster purpureus"
"1558","Echinothrix diadema"
"1559","Ecsenius mandibularis"
"1560","Ecsenius pulcher"
"1561","Ecsenius stictus"
"1562","Elacatinus macrodon"
"1563","Elacatinus multifasciatus"
"1564","Elysia viridis"
"1565","Enchelycore anatina"
"1566","Enoplometopus daumi"
"1567","Epinephelus amblycephalus"
"1568","Epinephelus summana"
"1569","Euapta godeffroyi"
"1570","Fromia nodosa"
"1571","Gibberulus gibberulus"
"1572","Gnathophyllum americanum"
"1573","Gobiodon ceramensis"
"1574","Gobiodon multilineatus"
"1575","Gomophia watsoni"
"1576","Goniobranchus kuniei"
"1577","Grapsus albolineatus"
"1578","Gunnellichthys pleurotaenia"
"1579","Gymnodoris impudica"
"1580","Gyrostoma helianthus"
"1581","Halichoeres chierchiae"
"1582","Halichoeres leucoxanthus"
"1583","Halichoeres melanotis"
"1584","Halichoeres miniatus"
"1585","Halichoeres salmofasciatus"
"1586","Haliotis asinina"
"1587","Haliotis clathrata"
"1588","Haliotis tuberculata tuberculata"
"1589","Hapalochlaena maculosa"
"1590","Heliacus variegatus"
"1591","Heliocidaris crassispina"
"1592","Hemicentrotus pulcherrimus"
"1593","Hemiscyllium hallstromi"
"1594","Heteractis aurora"
"1595","Himerometra robustipinna"
"1596","Holacanthus isabelita"
"1597","Hologymnosus rhodonotus"
"1598","Holothuria (Halodeima) edulis"
"1599","Holothuria (Mertensiothuria) hilla"
"1600","Inimicus sinensis"
"1601","Isaurus tuberculatus"
"1602","Jorunna funebris"
"1603","Leptojulis cyanopleura"
"1604","Limaria africana"
"1605","Limaria fragilis"
"1606","Limaria hians"
"1607","Linckia guildingi"
"1608","Linckia multifora"
"1609","Lissocarcinus orbicularis"
"1610","Liza vaigiensis"
"1611","Lobophytum pauciflorum"
"1612","Lutjanus quinquelineatus"
"1613","Lysiosquillina maculata"
"1614","Lysmata kuekenthali"
"1615","Lysmata rathbunae"
"1616","Lysmata seticaudata"
"1617","Macrodactyla doreensis"
"1618","Manonichthys alleni"
"1619","Megalactis hemprichii"
"1620","Megalomma lanigera"
"1621","Megalomma vesiculosum"
"1622","Mictyris longicarpus"
"1623","Monetaria annulus"
"1624","Monetaria moneta"
"1625","Nannocampus weberi"
"1626","Nardoa novaecaledoniae"
"1627","Nardoa tuberculata"
"1628","Naso brachycentron"
"1629","Neoferdina cumingi"
"1630","Neoglyphidodon polyacanthus"
"1631","Neoliomera insularis"
"1632","Neopomacentrus filamentosus"
"1633","Neopomacentrus taeniurus"
"1634","Noumea purpurea"
"1635","Octopus chierchiae"
"1636","Odontanthias borbonius"
"1637","Odontodactylus japonicus"
"1638","Opheodesoma australiensis"
"1639","Ophidiaster confertus"
"1640","Ophiocoma echinata"
"1641","Ophiocoma scolopendrina"
"1642","Ophiolepis superba"
"1643","Ophiomastix annulosa"
"1644","Ophiomastix variabilis"
"1645","Ophionereis reticulata"
"1646","Ophionereis schayeri"
"1647","Opistognathus randalli"
"1648","Ostorhinchus kiensis"
"1649","Ovula ovum"
"1650","Pagurus prideaux"
"1651","Palinurellus wieneckii"
"1652","Palythoa caesia"
"1653","Paragobiodon modestus"
"1654","Paramonacanthus japonicus"
"1655","Parhippolyte uveae"
"1656","Penaeus japonicus"
"1657","Pentaceraster alveolatus"
"1658","Pentapodus setosus"
"1659","Percnon planissimum"
"1660","Periclimenes imperator"
"1661","Periclimenes inornatus"
"1662","Pervagor aspricaudus"
"1663","Pholidochromis cerasina"
"1664","Phyllidia elegans"
"1665","Phyllidia varicosa"
"1666","Phyllorhiza punctata"
"1667","Phymanthus muscosus"
"1668","Plectorhinchus lessonii"
"1669","Plectranthias altipinnatus"
"1670","Plesiocolochirus australis"
"1671","Plesionika grandis"
"1672","Pleurobranchus forskalii"
"1673","Plococidaris verticillata"
"1674","Polinices aurantius"
"1675","Polycarpa aurata"
"1676","Polyplectana kefersteinii"
"1677","Pomacentrus melanochir"
"1678","Priolepis cincta"
"1679","Prionocidaris baculosa"
"1680","Pristiapogon fraenatus"
"1681","Protopalythoa grandis"
"1682","Protula bispiralis"
"1683","Pseudalutarius nasicornis"
"1684","Pseudocheilinus tetrataenia"
"1685","Pseudochromis coccinicauda"
"1686","Pseudochromis dutoiti"
"1687","Pseudochromis elongatus"
"1688","Pseudochromis luteus"
"1689","Pseudochromis viridis"
"1690","Pseudocnella insolens"
"1691","Pseudocoris bleekeri"
"1692","Pseudojuloides severnsi"
"1693","Pseudoplesiops typus"
"1694","Pteraeolidia ianthina"
"1695","Pteragogus pelycus"
"1696","Ptereleotris uroditaenia"
"1697","Pteroeides caledonicum"
"1698","Purpuradusta fimbriata"
"1699","Rhodactis inchoata"
"1700","Rhodactis indosinensis"
"1701","Rhynchocinetes durbanensis"
"1702","Rhynchostracion nasus"
"1703","Ricordea yuma"
"1704","Roboastra arika"
"1705","Rumphella aggregata"
"1706","Sabella fusca"
"1707","Sabellastarte sanctijosephi"
"1708","Salarias sinuosus"
"1709","Sarcophyton ehrenbergi"
"1710","Sargocentron melanospilos"
"1711","Saron inermis"
"1712","Saron rectirostris"
"1713","Scatophagus argus"
"1714","Scorpaenopsis barbata"
"1715","Scorpaenopsis neglecta"
"1716","Scutus unguis"
"1717","Sepia esculenta"
"1718","Sepia kobiensis"
"1719","Sepia latimanus"
"1720","Sepia prashadi"
"1721","Serpula vermicularis"
"1722","Siganus javus"
"1723","Sinularia asterolobata"
"1724","Sinularia brassica"
"1725","Sinularia flexibilis"
"1726","Sinularia mollis"
"1727","Sinularia polydactyla"
"1728","Siokunichthys nigrolineatus"
"1729","Spirobranchus corniculatus"
"1730","Stenopus cyanoscelis"
"1731","Stenopus pyrsonotus"
"1732","Stenopus tenuirostris"
"1733","Stenopus zanzibaricus"
"1734","Stichodactyla mertensii"
"1735","Stomatella auricula"
"1736","Stomopneustes variolaris"
"1737","Stylissa massa"
"1738","Stylocheilus longicauda"
"1739","Synalpheus charon"
"1740","Synaptula lamperti"
"1741","Synaptula maculata"
"1742","Synchiropus circularis"
"1743","Tectus fenestratus"
"1744","Tectus pyramis"
"1745","Terelabrus rubrovittatus"
"1746","Thelenota rubralineata"
"1747","Toraster tuberculatus"
"1748","Toxopneustes pileolus"
"1749","Toxotes chatareus"
"1750","Trachyrhamphus bicoarctatus"
"1751","Trapezia lutea"
"1752","Trapezia rufopunctata"
"1753","Trapezia tigrina"
"1754","Trichonotus nikii"
"1755","Tripneustes ventricosus"
"1756","Tripodichthys blochii"
"1757","Trochus histrio"
"1758","Trochus maculatus"
"1759","Trochus radiatus"
"1760","Turbo argyrostomus"
"1761","Turbo bruneus"
"1762","Urocaridella antonbruunii"
"1763","Valamugil engeli"
"1764","Xenia umbellata"
"1765","Xenojulis margaritaceus"
"1766","Zebrida adamsii"
"1767","Zoramia perlita"
"1768","Acanthogobius flavimanus"
"1769","Acanthurus thompsoni"
"1770","Amblyeleotris latifasciata"
"1771","Amblygobius semicinctus"
"1772","Amblygobius stethophthalmus"
"1773","Archamia zosterophora"
"1774","Archaster angulatus"
"1775","Asterodiscides truncatus"
"1776","Astropecten scoparius"
"1777","Babylonia spirata"
"1778","Bohadschia marmorata"
"1779","Branchiomma cingulata"
"1780","Calappa hepatica"
"1781","Canthigaster rivulata"
"1782","Carangoides ferdau"
"1783","Cerianthus filiformis"
"1784","Chaetodon zanzibarensis"
"1785","Chrysiptera glauca"
"1786","Cirrhilabrus joanallenae"
"1787","Cirrhilabrus naokoae"
"1788","Cirrhilabrus walindi"
"1789","Cirrhipathes spiralis"
"1790","Clypeaster humilis"
"1791","Cryptocentrus caeruleomaculatus"
"1792","Cryptocentrus inexplicatus"
"1793","Dischistodus darwiniensis"
"1794","Ecsenius bimaculatus"
"1795","Entomacrodus striatus"
"1796","Fistularia commersonii"
"1797","Gecarcinus quadratus"
"1798","Gnathodentex aureolineatus"
"1799","Gobiodon spilophthalmus"
"1800","Gymnothorax isingteena"
"1801","Heteroclinus roseus"
"1802","Iconaster longimanus"
"1803","Lysmata galapagensis"
"1804","Lysmata nilita"
"1805","Mitra papalis"
"1806","Nardoa frianti"
"1807","Nassarius glans"
"1808","Nerita undata"
"1809","Ostorhinchus aureus"
"1810","Ostracion rhinorhynchos"
"1811","Parapercis fuscolineata"
"1812","Parapterois heterura"
"1813","Parma oligolepis"
"1814","Pempheris oualensis"
"1815","Pentapodus caninus"
"1816","Petrolisthes cinctipes"
"1817","Pholidichthys leucotaenia"
"1818","Phoxocampus tetrophthalmus"
"1819","Phyllidiopsis annae"
"1820","Plesiops cephalotaenia"
"1821","Pomacentrus philippinus"
"1822","Pseudanthias elongatus"
"1823","Pseudocoris heteroptera"
"1824","Ptilosarcus gurneyi"
"1825","Rhinoclavis fasciata"
"1826","Sarcophyton trocheliophorum"
"1827","Sargocentron praslin"
"1828","Sargocentron punctatissimum"
"1829","Scorpaenopsis gibbosa"
"1830","Scyliorhinus stellaris"
"1831","Synaptura commersonnii"
"1832","Tectus niloticus"
"1833","Tosia australis"
"1834","Turbo castanea"
"1835","Uca (Paraleptuca) crassipes"
"1836","Apogon notatus"
"1837","Aptychotrema rostrata"
"1838","Atelomycterus baliensis"
"1839","Babylonia lutosa"
"1840","Callionymus delicatulus"
"1841","Carangoides armatus"
"1842","Carcinoscorpius rotundicauda"
"1843","Catostylus mosaicus"
"1844","Chanos chanos"
"1845","Choeroichthys brachysoma"
"1846","Cirrhilabrus randalli"
"1847","Ecsenius ops"
"1848","Ecsenius opsifrontalis"
"1849","Eviota bifasciata"
"1850","Fowleria aurita"
"1851","Gymnothorax prionodon"
"1852","Halichoeres timorensis"
"1853","Hemiscyllium freycineti"
"1854","Heniochus diphreutes"
"1855","Heterocentrotus trigonarius"
"1856","Heteroxenia elisabethae"
"1857","Isis hippuris"
"1858","Lutjanus decussatus"
"1859","Nardoa rosea"
"1860","Neopomacentrus anabatoides"
"1861","Neopomacentrus xanthurus"
"1862","Notarchus indicus"
"1863","Ophiomastix mixta"
"1864","Palaemon pacificus"
"1865","Pictichromis dinar"
"1866","Protopalythoa variabilis"
"1867","Pseudanthias taeniatus"
"1868","Pterocaesio marri"
"1869","Synanceia horrida"
"1870","Alticus saliens"
"1871","Anomalops katoptron"
"1872","Enchelycore pardalis"
"1873","Sacura margaritacea"
"1874","Triacanthus biaculeatus"
"1875","Heterodontus japonicus"
"1876","Aurelia aurita"
"1877","Centropyge interrupta"
"1878","Chaetodon daedalma"
"1879","Chrysaora melanaster"
"1880","Oplegnathus fasciatus"
"1881","Parapriacanthus ransonneti"
"1882","Periophthalmus argentilineatus"
"1883","Pterogobius elapoides"
"1884","Rudarius ercodes"
"1885","Zalanthias kelloggi"
"1886","Andamia tetradactylus"
"1887","Cheilodactylus zonatus"
"1888","Dictyosoma burgeri"
"1889","Euprymna morsei"
"1890","Macroramphosus scolopax"
"1891","Okamejei kenojei"
"1892","Olindias formosus"
"1893","Opistognathus rosenblatti"
"1894","Parablennius yatabei"
"1895","Paracentropogon rubripinnis"
"1896","Parapercis pulchella"
"1897","Parioglossus nudus"
"1898","Pseudoblennius percoides"
"1899","Pseudolabrus japonicus"
"1900","Pteragogus aurigarius"
"1901","Pterogobius zonoleucus"
"1902","Thalassoma cupido"
"1903","Triakis scyllium"
"1904","Parioglossus formosus"
"1905","Spirocodon saltatrix"
"1906","Halichoeres iridis"
"1907","Macropharyngodon bipartitus bipartitus"
"1908","Meiacanthus mossambicus"
"1909","Thalassoma hebraicum"
"1910","Caracanthus madagascariensis"
"1911","Chaetodon leucopleura"
"1912","Chaetodon xanthocephalus"
"1913","Chromis lineata"
"1914","Coris caudimacula"
"1915","Lactoria diaphana"
"1916","Macropharyngodon cyanoguttatus"
"1917","Plagiotremus tapeinosoma"
"1918","Pomacentrus sulfureus"
"1919","Stethojulis albovittata"
"1920","Plagiotremus laudandus"
"1921","Chaetodon blackburnii"
"1922","Pagurus pollicaris"
"1923","Periophthalmus barbarus"
"1924","Plectropomus laevis"
"1925","Abudefduf notatus"
"1926","Chrysiptera biocellata"
"1927","Clypeaster australasiae"
"1928","Cerithium caeruleum"
"1929","Clibanarius africanus"
"1930","Apolemichthys griffisi"
"1931","Chaetodon declivis"
"1932","Ctenochaetus hawaiiensis"
"1933","Zebrasoma rostratum"
"1934","Chaetodon flavocoronatus"
"1935","Hemanthias signifer"
"1936","Sebastes norvegicus"
"1937","Centropristis striata"
"1938","Epinephelus tukula"
"1939","Holanthias caudalis"
"1940","Paracirrhites xanthus"
"1941","Ecsenius lineatus"
"1942","Halichoeres pelicieri"
"1943","Thalassoma genivittatum"
"1944","Zebrasoma gemmatum"
"1945","Chromis nigrura"
"1946","Halichoeres lapillus"
"1947","Pseudocheilinus dispilus"
"1948","Abudefduf troschelii"
"1949","Aniculus elegans"
"1950","Chromis alta"
"1951","Chromis atrilobata"
"1952","Chromis limbaughi"
"1953","Cirrhitus rivulatus"
"1954","Clibanarius digueti"
"1955","Epinephelus fasciatus"
"1956","Gymnothorax castaneus"
"1957","Halichoeres nicholsi"
"1958","Mulloidichthys dentatus"
"1959","Myripristis leiognathus"
"1960","Ophiocoma alexandri"
"1961","Palythoa ignota"
"1962","Pentaceraster cumingi"
"1963","Stegastes rectifraenum"
"1964","Synodus lacertinus"
"1965","Thalassoma grammaticum"
"1966","Apogon retrosella"
"1967","Lythrypnus dalli"
"1968","Prionotus punctatus"
"1969","Thalassoma virens"
"1970","Acanthemblemaria crockeri"
"1971","Chaenopsis alepidota"
"1972","Coryphopterus urospilus"
"1973","Hypsoblennius gentilis"
"1974","Hypsoblennius jenkinsi"
"1975","Malacoctenus hubbsi"
"1976","Anisotremus interruptus"
"1977","Anisotremus taeniatus"
"1978","Antipathes galapagensis"
"1979","Apogon guadalupensis"
"1980","Haemulon flaviguttatum"
"1981","Haemulon maculicauda"
"1982","Haemulon sexfasciatum"
"1983","Heteroconger digueti"
"1984","Holacanthus clarionensis"
"1985","Lutjanus peru"
"1986","Lutjanus viridis"
"1987","Manucomplanus varians"
"1988","Nidorellia armata"
"1989","Ophioderma variegata"
"1990","Pagurus albus"
"1991","Pelagia noctiluca"
"1992","Pharia pyramidata"
"1993","Phataria unifascialis"
"1994","Pleurobrachia bachei"
"1995","Sargocentron suborbitalis"
"1996","Stomolophus meleagris"
"1997","Sufflamen verres"
"1998","Tamaria stria"
"1999","Tegula rugosa"
"2000","Cryptocentrus pavoninoides"
"2001","Hypsypops rubicundus"
"2002","Jenneria pustulata"
"2003","Margarites pupillus"
"2004","Scorpaena guttata"
"2005","Serranus psittacinus"
"2006","Amphiaster insignis"
"2007","Kyphosus pacificus"
"2008","Leiaster teres"
"2009","Mithrodia fisheri"
"2010","Thalassoma duperrey"
"2011","Chaetodontoplus conspicillatus"
"2012","Antennatus sanguineus"
"2013","Muraena clepsydra"
"2014","Myrichthys tigrinus"
"2015","Pareques viola"
"2016","Prionurus laticlavius"
"2017","Scorpaena plumieri"
"2018","Scorpaenodes xyris"
"2019","Acanthemblemaria exilispinus"
"2020","Acanthemblemaria hancocki"
"2021","Anampses elegans"
"2022","Aplysia californica"
"2023","Aruma histrio"
"2024","Cerithium atratum"
"2025","Daector reticulata"
"2026","Dermatolepis dermatolepis"
"2027","Elysia diomedea"
"2028","Malacoctenus zonogaster"
"2029","Nassarius distortus"
"2030","Nicholsina denticulata"
"2031","Octopus bimaculatus"
"2032","Opeatostoma pseudodon"
"2033","Petrolisthes marginatus"
"2034","Petroscirtes marginatus"
"2035","Prionotus carolinus"
"2036","Rhinobatos productus"
"2037","Turbo saxosus"
"2038","Urolophus maculatus"
"2039","Urotrygon reticulata"
"2040","Calcinus obscurus"
"2041","Octopus alecto"
"2042","Selene orstedii"
"2043","Triplofusus princeps"
"2044","Urotrygon chilensis"
"2045","Scarus spinus"
"2046","Halichoeres trimaculatus"
"2047","Mauritia arabica"
"2048","Nerita polita"
"2049","Meiacanthus vittatus"
"2050","Abudefduf bengalensis"
"2051","Aluterus monoceros"
"2052","Anaora tentaculata"
"2053","Apogon quadrisquamatus"
"2054","Arothron caeruleopunctatus"
"2055","Bodianus macrognathos"
"2056","Calloplesiops argus"
"2057","Centropyge shepardi"
"2058","Chaetodontoplus caeruleopunctatus"
"2059","Chaetodontoplus chrysocephalus"
"2060","Chlorurus bowersi"
"2061","Chromis caudalis"
"2062","Chromis notata"
"2063","Cryptocentrus cyanotaenia"
"2064","Epinephelus adscensionis"
"2065","Epinephelus longispinis"
"2066","Gobiodon micropus"
"2067","Gymnodoris ceylonica"
"2068","Gymnothorax neglectus"
"2069","Haemulon striatum"
"2070","Istigobius hoshinonis"
"2071","Labropsis micronesica"
"2072","Leiuranus semicinctus"
"2073","Libinia dubia"
"2074","Lutjanus sanguineus"
"2075","Mauritia histrio"
"2076","Mycteroperca rosacea"
"2077","Myripristis adusta"
"2078","Naucrates ductor"
"2079","Nautilus pompilius"
"2080","Ostorhinchus melanoproctus"
"2081","Ostracion trachys"
"2082","Ostracion whitleyi"
"2083","Parapercis cylindrica"
"2084","Pentaster obtusatus"
"2085","Plectropomus maculatus"
"2086","Ptereleotris helenae"
"2087","Sabella pavonina"
"2088","Scarus dubius"
"2089","Scarus iseri"
"2090","Scolopsis frenata"
"2091","Scorpaenopsis venosa"
"2092","Seriola zonata"
"2093","Squilla mantis"
"2094","Stegastes aureus"
"2095","Synchiropus laddi"
"2096","Ablabys macracanthus"
"2097","Abudefduf lorenzi"
"2098","Acanthurus polyzona"
"2099","Albula vulpes"
"2100","Aluterus schoepfii"
"2101","Amblyeleotris japonica"
"2102","Amblygobius linki"
"2103","Amblygobius nocturnus"
"2104","Anampses viridis"
"2105","Anyperodon leucogrammicus"
"2106","Apogon semiornatus"
"2107","Apogonichthyoides melas"
"2108","Apogonichthyoides opercularis"
"2109","Arius arius"
"2110","Bathygobius fuscus"
"2111","Bodianus macrourus"
"2112","Bothus maculiferus"
"2113","Bothus pantherinus"
"2114","Brachysomophis cirrocheilos"
"2115","Bryaninops natans"
"2116","Canthigaster leoparda"
"2117","Canthigaster tyleri"
"2118","Centracanthus cirrus"
"2119","Cephalopholis sexmaculata"
"2120","Cepola australis"
"2121","Chaetodon miliaris"
"2122","Chaetodon sanctaehelenae"
"2123","Chiloscyllium caeruleopunctatum"
"2124","Chimaera monstrosa"
"2125","Choerodon venustus"
"2126","Chromis punctipinnis"
"2127","Chromis scotti"
"2128","Cirrhigaleus asper"
"2129","Cirrhitops fasciatus"
"2130","Conger cinereus"
"2131","Crossosalarias macrospilus"
"2132","Cryptocentrus flavus"
"2133","Cryptocentrus leucostictus"
"2134","Cryptocentrus shigensis"
"2135","Ctenogobiops aurocingulus"
"2136","Cymbacephalus beauforti"
"2137","Dascyllus strasburgi"
"2138","Diplogrammus xenicus"
"2139","Discordipinna griessingeri"
"2140","Ecsenius dentex"
"2141","Ecsenius lividanalis"
"2142","Ecsenius schroederi"
"2143","Elacatinus atronasus"
"2144","Eocallionymus papilio"
"2145","Epinephelus analogus"
"2146","Epinephelus cyanopodus"
"2147","Epinephelus maculatus"
"2148","Epinephelus morrhua"
"2149","Fowleria variegata"
"2150","Genicanthus semicinctus"
"2151","Genicanthus semifasciatus"
"2152","Gobiodon albofasciatus"
"2153","Gobiodon prolixus"
"2154","Gobius auratus"
"2155","Gymnothorax prasinus"
"2156","Hemiglyphidodon plagiometopon"
"2157","Heteroconger cobra"
"2158","Heteroconger longissimus"
"2159","Iniistius pentadactylus"
"2160","Lepidoblennius marmoratus"
"2161","Leptoscarus vaigiensis"
"2162","Lophius piscatorius"
"2163","Lutjanus argentiventris"
"2164","Lutjanus biguttatus"
"2165","Lutjanus campechanus"
"2166","Lutjanus carponotatus"
"2167","Lutjanus rufolineatus"
"2168","Lutjanus semicinctus"
"2169","Lutjanus vivanus"
"2170","Monochirus hispidus"
"2171","Myctophum affine"
"2172","Myripristis violacea"
"2173","Myrophis punctatus"
"2174","Neoglyphidodon thoracotaeniatus"
"2175","Netuma thalassina"
"2176","Ostorhinchus ocellicaudus"
"2177","Oxymetopon compressus"
"2178","Paragobiodon lacunicolus"
"2179","Parapercis cephalopunctata"
"2180","Parapercis clathrata"
"2181","Parapercis hexophtalma"
"2182","Parapercis snyderi"
"2183","Paraplagusia bilineata"
"2184","Parupeneus porphyreus"
"2185","Pervagor spilosoma"
"2186","Pherallodichthys meshimaensis"
"2187","Photoblepharon steinitzi"
"2188","Plectroglyphidodon leucozonus"
"2189","Pleurosicya boldinghi"
"2190","Pomacentrus azuremaculatus"
"2191","Pomacentrus nagasakiensis"
"2192","Pomacentrus tripunctatus"
"2193","Pomacentrus xanthosternus"
"2194","Priolepis aureoviridis"
"2195","Pseudamia gelatinosa"
"2196","Pseudanthias flavoguttatus"
"2197","Pseudanthias leucozonus"
"2198","Pseudochaenichthys georgianus"
"2199","Pseudochromis flammicauda"
"2200","Pseudochromis wilsoni"
"2201","Pseudogobius isognathus"
"2202","Pseudojuloides xanthomos"
"2203","Pseudoplesiops rosae"
"2204","Pteragogus flagellifer"
"2205","Ptereleotris grammica"
"2206","Pterocaesio lativittata"
"2207","Pterois sphex"
"2208","Rabaulichthys stigmaticus"
"2209","Salarias luctuosus"
"2210","Salarias ramosus"
"2211","Sargocentron hastatum"
"2212","Scarus coeruleus"
"2213","Scarus forsteni"
"2214","Scarus fuscopurpureus"
"2215","Scarus hoefleri"
"2216","Scarus schlegeli"
"2217","Scarus tricolor"
"2218","Scarus xanthopleura"
"2219","Scolopsis ghanam"
"2220","Scolopsis xenochrous"
"2221","Scorpaena mystes"
"2222","Siganus vermiculatus"
"2223","Sparisoma atomarium"
"2224","Sphoeroides lobatus"
"2225","Stegastes adustus"
"2226","Stegastes albifasciatus"
"2227","Stegastes nigricans"
"2228","Stegastes sanctipauli"
"2229","Stephanolepis hispidus"
"2230","Synanceia alula"
"2231","Synchiropus morrisoni"
"2232","Synchirus gilli"
"2233","Trimma macrophthalmum"
"2234","Trimma rubromaculatum"
"2235","Trimma striatum"
"2236","Xiphister mucosus"
"2237","Abudefduf concolor"
"2238","Abudefduf natalensis"
"2239","Amblyeleotris gymnocephala"
"2240","Amblyeleotris periophthalma"
"2241","Anampses geographicus"
"2242","Apistus carinatus"
"2243","Ariopsis felis"
"2244","Bodianus frenchii"
"2245","Cantherhines verecundus"
"2246","Chromis nigroanalis"
"2247","Chrysiptera annulata"
"2248","Cirrhilabrus johnsoni"
"2249","Cryptocentrus octofasciatus"
"2250","Cryptocentrus singapurensis"
"2251","Ctenogobius saepepallens"
"2252","Ctenogobius smaragdus"
"2253","Dinematichthys iluocoeteoides"
"2254","Ecsenius nalolo"
"2255","Ecsenius stigmatura"
"2256","Elacatinus tenox"
"2257","Elagatis bipinnulata"
"2258","Elops machnata"
"2259","Entomacrodus chiostictus"
"2260","Entomacrodus textilis"
"2261","Epinephelus corallicola"
"2262","Epinephelus drummondhayi"
"2263","Eviota nigriventris"
"2264","Foa albimaculosa"
"2265","Fusigobius duospilus"
"2266","Gobiodon oculolineatus"
"2267","Gobius paganellus"
"2268","Gobius senegambiensis"
"2269","Halichoeres caudalis"
"2270","Halieutichthys aculeatus"
"2271","Hapalochlaena fasciata"
"2272","Histiophryne bougainvilli"
"2273","Kathetostoma averruncus"
"2274","Lethrinus xanthochilus"
"2275","Lipogramma flavescens"
"2276","Lutjanus coeruleolineatus"
"2277","Lutjanus cyanopterus"
"2278","Meiacanthus anema"
"2279","Minysynchiropus kiyoae"
"2280","Muraena helena"
"2281","Myripristis randalli"
"2282","Nematalosa arabica"
"2283","Nematalosa nasus"
"2284","Neopomacentrus cyanomos"
"2285","Odontanthias fuscipinnis"
"2286","Omobranchus elongatus"
"2287","Oxycheilinus orientalis"
"2288","Paragobiodon melanosomus"
"2289","Pentapodus nagasakiensis"
"2290","Pentapodus paradiseus"
"2291","Pomacentrus arabicus"
"2292","Pomatomus saltatrix"
"2293","Priolepis robinsi"
"2294","Pristipomoides filamentosus"
"2295","Pseudanthias cichlops"
"2296","Pseudochromis caudalis"
"2297","Pteragogus cryptus"
"2298","Scorpaenopsis oxycephala"
"2299","Stegastes beebei"
"2300","Stegastes fuscus"
"2301","Synchiropus ijimae"
"2302","Triakis semifasciata"
"2303","Trimma benjamini"
"2304","Trimma cana"
"2305","Tryssogobius colini"
"2306","Vanderhorstia ornatissima"
"2307","Acanthocepola indica"
"2308","Actinodendron glomeratum"
"2309","Actinostephanus haeckeli"
"2310","Allogalathea elegans"
"2311","Alpheus glaber"
"2312","Alpheus heterochaelis"
"2313","Amphioctopus fangsiao"
"2314","Ancylomenes magnificus"
"2315","Ancylomenes venustus"
"2316","Angaria delphinus"
"2317","Aplysia punctata"
"2318","Aplysia sydneyensis"
"2319","Apogonichthyoides taeniatus"
"2320","Asteropsis carinifera"
"2321","Asterropteryx semipunctata"
"2322","Atergatis floridus"
"2323","Balistes capriscus"
"2324","Birgus latro"
"2325","Bispira crassicornis"
"2326","Brissus latecarinatus"
"2327","Bulla vernicosa"
"2328","Calappa lophos"
"2329","Calcinus talismani"
"2330","Calliactis polypus"
"2331","Cephalopholis sonnerati"
"2332","Cerithium echinatum"
"2333","Chaetodon wiebeli"
"2334","Chasmodes bosquianus"
"2335","Cheilopogon atrisignis"
"2336","Choeroichthys sculptus"
"2337","Chromis axillaris"
"2338","Chromodoris annae"
"2339","Chromodoris lineolata"
"2340","Chromodoris willani"
"2341","Chrysiptera arnazae"
"2342","Cirrhilabrus lanceolatus"
"2343","Cryptocentrus strigilliceps"
"2344","Ctenoides lischkei"
"2345","Cuapetes kororensis"
"2346","Culcita schmideliana"
"2347","Cymbiola vespertilio"
"2348","Dactylopus kuiteri"
"2349","Dardanus calidus"
"2350","Diodon nicthemerus"
"2351","Dischistodus chrysopoecilus"
"2352","Doriprismatica atromarginata"
"2353","Dotilla myctiroides"
"2354","Engina mendicaria"
"2355","Engyprosopon grandisquama"
"2356","Epinephelus ongus"
"2357","Ethadophis byrnei"
"2358","Felimida purpurea"
"2359","Filogranella elatensis"
"2360","Galathea strigosa"
"2361","Gecarcoidea natalis"
"2362","Gobiodon acicularis"
"2363","Gobiodon unicolor"
"2364","Gobiopsis canalis"
"2365","Goniobranchus aureopurpureus"
"2366","Halichoeres adustus"
"2367","Halichoeres bicolor"
"2368","Heteropenaeus longimanus"
"2369","Hippichthys penicillus"
"2370","Hydatina physis"
"2371","Hypselodoris apolegma"
"2372","Kalinga ornata"
"2373","Lambis lambis"
"2374","Laomenes amboinensis"
"2375","Lepadichthys lineatus"
"2376","Leptograpsus variegatus"
"2377","Leptojulis chrysotaenia"
"2378","Lutjanus malabaricus"
"2379","Lutjanus novemfasciatus"
"2380","Macrocheira kaempferi"
"2381","Manipontonia psamathe"
"2382","Maretia planulata"
"2383","Metalia sternalis"
"2384","Metasepia pfefferi"
"2385","Mexichromis festiva"
"2386","Monetaria caputserpentis"
"2387","Myripristis vittata"
"2388","Nardoa variolata"
"2389","Naso maculatus"
"2390","Navanax inermis"
"2391","Nembrotha cristata"
"2392","Notospermus tricuspidatus"
"2393","Noumea varians"
"2394","Ophichthus bonaparti"
"2395","Ophichthus ophis"
"2396","Ophiocoma (Breviturma) dentata"
"2397","Ophiocoma longispina"
"2398","Ostorhinchus selas"
"2399","Ostracion cyanurus"
"2400","Pachycerianthus fimbriatus"
"2401","Pachygrapsus marmoratus"
"2402","Pagurus bernhardus"
"2403","Palaemon intermedius"
"2404","Palaemon serenus"
"2405","Parapercis xanthozona"
"2406","Parasalenia gratiosa boninensis"
"2407","Parribacus antarcticus"
"2408","Periclimenes sagittifer"
"2409","Pervagor randalli"
"2410","Petrolisthes asiaticus"
"2411","Phyllacanthus imperialis"
"2412","Phyllidia coelestis"
"2413","Plesionika narval"
"2414","Polycera tricolor"
"2415","Pomacentrus lepidogenys"
"2416","Pomacentrus nigromanus"
"2417","Pomachromis richardsoni"
"2418","Priolepis boreus"
"2419","Pseudoboletia indiana"
"2420","Pseudocentrotus depressus"
"2421","Pseudochromis linda"
"2422","Rabaulichthys altipinnis"
"2423","Salmacis belli"
"2424","Sargocentron lepros"
"2425","Sargocentron macrosquamis"
"2426","Scolopsis margaritifera"
"2427","Sepia plangon"
"2428","Siphamia fuscolineata"
"2429","Stanulus talboti"
"2430","Suggrundus meerdervoortii"
"2431","Tectus conus"
"2432","Thecacera picta"
"2433","Torquigener pleurogramma"
"2434","Toxopneustes elegans"
"2435","Trimma tevegae"
"2436","Uca (Tubuca) coarctata"
"2437","Valenciennea persica"
"2438","Vasum turbinellus"
"2439","Acanthocepola abbreviata"
"2440","Acanthurus gahhm"
"2441","Alpheus bisincisus"
"2442","Apogon unicolor"
"2443","Brachygobius doriae"
"2444","Brachygobius xanthozonus"
"2445","Briareum violaceum"
"2446","Bryaninops amplus"
"2447","Calappa flammea"
"2448","Callionymus bairdi"
"2449","Cassiopea andromeda"
"2450","Cassiopea frondosa"
"2451","Cheilodipterus isostigmus"
"2452","Chromis chrysura"
"2453","Chromis lepidolepis"
"2454","Chromis scotochiloptera"
"2455","Cirrhilabrus roseafascia"
"2456","Clavelina robusta"
"2457","Cuapetes tenuipes"
"2458","Dendraster excentricus"
"2459","Dreissena polymorpha"
"2460","Entelurus aequoreus"
"2461","Epinephelus socialis"
"2462","Eucidaris metularia"
"2463","Euprotomus bulla"
"2464","Eviota albolineata"
"2465","Gloripallium pallium"
"2466","Gonodactylus smithii"
"2467","Halichoeres papilionaceus"
"2468","Halichoeres vrolikii"
"2469","Haliotis cracherodii"
"2470","Heterometra savignii"
"2471","Holothuria (Halodeima) floridana"
"2472","Laomenes cornutus"
"2473","Lepas (Anatifa) anatifera"
"2474","Macrophiothrix nereidina"
"2475","Mitra paupercula"
"2476","Nassarius crematus"
"2477","Nassarius dorsatus"
"2478","Nassarius vibex"
"2479","Naticarius stercusmuscarum"
"2480","Nautilus macromphalus"
"2481","Oliva porphyria"
"2482","Ostorhinchus rubrimacula"
"2483","Pachygrapsus crassipes"
"2484","Pagurus hemphilli"
"2485","Pandaka pygmaea"
"2486","Paratrypauchen microcephalus"
"2487","Pardachirus pavoninus"
"2488","Penaeus merguiensis"
"2489","Phyllognathia ceratophthalma"
"2490","Pictocolumbella ocellata"
"2491","Pinctada margaritifera"
"2492","Plakobranchus ocellatus"
"2493","Pseudochromis leucorhynchus"
"2494","Sargocentron ittodai"
"2495","Siphamia tubifer"
"2496","Spondylus varius"
"2497","Stenopus earlei"
"2498","Taeniura grabata"
"2499","Telescopium telescopium"
"2500","Tetraodon fluviatilis"
"2501","Thaumoctopus mimicus"
"2502","Trimma annosum"
"2503","Umbonium vestiarium"
"2504","Actinodendron arboreum"
"2505","Aegires minor"
"2506","Antennablennius hypenetes"
"2507","Apogon erythrinus"
"2508","Apogon imberbis"
"2509","Calappa calappa"
"2510","Callinectes sapidus"
"2511","Cirrhilabrus beauperryi"
"2512","Colobometra perspinosa"
"2513","Conus ebraeus"
"2514","Corynactis caribbeorum"
"2515","Dardanus lagopodes"
"2516","Enchelyurus ater"
"2517","Entomacrodus nigricans"
"2518","Florometra serratissima"
"2519","Fowleria flammea"
"2520","Herpetopoma lischkei"
"2521","Latreillia valida"
"2522","Leander plumosus"
"2523","Lepas (Anatifa) anserifera"
"2524","Liopropoma multilineatum"
"2525","Lotilia graciliosa"
"2526","Luzonichthys taeniatus"
"2527","Nassarius papillosus"
"2528","Nembrotha lineolata"
"2529","Nephtheis fascicularis"
"2530","Oliva reticulata"
"2531","Ophiarachnella gorgonia"
"2532","Parapercis multifasciata"
"2533","Parapercis multiplicata"
"2534","Pomachromis guamensis"
"2535","Rabaulichthys suzukii"
"2536","Salmacis sphaeroides"
"2537","Sepia bandensis"
"2538","Seriola dumerili"
"2539","Thysanostoma flagellatum"
"2540","Trypaea australiensis"
"2541","Tryssogobius longipes"
"2542","Apolemichthys armitagei"
"2543","Chaetodon mitratus"
"2544","Cirripectes fuscoguttatus"
"2545","Stonogobiops dracula"
"2546","Gymnothorax tile"
"2547","Sillaginopsis panijus"
"2548","Cirrhilabrus rhomboidalis"
"2549","Cirrhilabrus balteatus"
"2550","Ostorhinchus chrysotaenia"
"2551","Diploprion drachi"
"2552","Pseudochromis olivaceus"
"2553","Pseudochromis springeri"
"2554","Scarus ferrugineus"
"2555","Meiacanthus nigrolineatus"
"2556","Thalassoma rueppellii"
"2557","Gymnothorax meleagris"
"2558","Parapocryptes serperaster"
"2559","Sartoriana spinigera"
"2560","Chaetodontoplus septentrionalis"
"2561","Cleithracara maronii"
"2562","Lamprometra palmata"
"2563","Bohadschia argus"
"2564","Heliopora coerulea"
"2565","Coriocella nigra"
"2566","Canthigaster margaritata"
"2567","Centropyge flavipectoralis"
"2568","Gymnothorax steindachneri"
"2569","Istigobius nigroocellatus"
"2570","Parupeneus indicus"
"2571","Trachurus trachurus"
"2572","Antennarius indicus"
"2573","Chlorurus atrilunula"
"2574","Cristiceps aurantiacus"
"2575","Elacatinus saucrus"
"2576","Gnatholepis thompsoni"
"2577","Hypleurochilus springeri"
"2578","Istigobius rigilius"
"2579","Lythrypnus zebra"
"2580","Macropharyngodon geoffroy"
"2581","Narcine brunnea"
"2582","Narke japonica"
"2583","Ostorhinchus endekataenia"
"2584","Parapercis punctulata"
"2585","Petroscirtes variabilis"
"2586","Pseudorhombus jenynsii"
"2587","Scorpaenodes parvipinnis"
"2588","Synchiropus orientalis"
"2589","Chromis atripes"
"2590","Ctenogobius stigmaticus"
"2591","Plectorhinchus nigrus"
"2592","Pomatoschistus minutus"
"2593","Sicyopterus lagocephalus"
"2594","Alpheus soror"
"2595","Antedon mediterranea"
"2596","Antennatus strigatus"
"2597","Chaetodon pictus"
"2598","Diagramma punctatum"
"2599","Gaterin lineatus"
"2600","Nardoa galatheae"
"2601","Ophiocomina nigra"
"2602","Parapercis queenslandica"
"2603","Pentaceraster mammillatus"
"2604","Stenopus devaneyi"
"2605","Sufflamen fraenatum"
"2606","Helcogramma maldivensis"
"2607","Minilabrus striatus"
"2608","Nebris occidentalis"
"2609","Neopomacentrus bankieri"
"2610","Pomacentrus indicus"
"2611","Psammogobius biocellatus"
"2612","Pseudanthias caudalis"
"2613","Trichonotus filamentosus"
"2614","Glossogobius giuris"
"2615","Rhina ancylostoma"
"2616","Periophthalmus kalolo"
"2617","Xenentodon cancila"
"2618","Haemulon aurolineatum"
"2619","Haemulon chrysargyreum"
"2620","Haemulon melanurum"
"2621","Haemulon plumierii"
"2622","Haemulon sciurus"
"2623","Lutjanus apodus"
"2624","Ocyurus chrysurus"
"2625","Sargocentron coruscum"
"2626","Sparisoma aurofrenatum"
"2627","Calamus calamus"
"2628","Caranx latus"
"2629","Haemulon vittata"
"2630","Lutjanus buccanella"
"2631","Strongylura notata notata"
"2632","Meiacanthus bundoon"
"2633","Nassarius venustus"
"2634","Pteragogus enneacanthus"
"2635","Thersistrombus thersites"
"2636","Acreichthys radiatus"
"2637","Bodianus perditio"
"2638","Coris batuensis"
"2639","Oxycheilinus digramma"
"2640","Amblyeleotris fontanesii"
"2641","Cirrhilabrus melanomarginatus"
"2642","Myripristis botche"
"2643","Pachycerianthus maua"
"2644","Stichodactyla tapetum"
"2645","Chaetodon melapterus"
